config,me_truth,me_analytical,rms_pct_truth,rms_pct_analytical,inaccuracy_pct,analytical_us,simulation_ms,speedup,approximate_units
sc_cfg3,2069.5451,2062.7002,8.468606,8.461025,0.0895,18.78,36.805,1960,mult_4=AQ1 adder_1=0EM adder_2=0AV adder_3=0Q7 adder_7=02E
sc_cfg7,-184.9661,-436.6814,9.424866,9.444915,0.2127,16.88,94.279,5585,mult_0=5FA mult_2=F6B mult_4=5FA mult_5=AQ1 mult_7=GPF adder_1=02E adder_2=0DL adder_3=0GK adder_4=073 adder_5=0GK adder_6=073 adder_7=073
sc_cfg12,-96.3816,76.2188,8.738467,8.744071,0.0641,19.18,40.504,2112,mult_1=5FA mult_4=AQ1 adder_2=073 adder_5=0GK adder_6=02E
sc_cfg18,-2358.9752,-2266.5976,9.149160,9.003512,1.5919,18.22,56.288,3089,mult_1=CK3 mult_5=AQ1 mult_6=AQ1 mult_7=HGY adder_3=0EM adder_5=0AV adder_7=02E
sc_cfg19,-4135.5053,-4117.4995,7.635537,7.613700,0.2860,17.91,67.485,3768,mult_3=DAE mult_4=AQ1 mult_6=CK3 mult_7=5FA adder_1=0DL adder_3=0DL adder_6=0GK adder_7=073
sc_cfg24,-5265.9047,-5191.1002,9.158620,9.061358,1.0620,17.81,60.746,3411,mult_1=DAE mult_4=DAE mult_6=HGP mult_8=8VH adder_1=0EM adder_2=0GK adder_3=0Q7 adder_4=073 adder_5=0DL
sc_cfg27,-293.2968,-299.3147,2.138059,2.144969,0.3232,19.61,28.114,1434,adder_3=0GK adder_5=0AV adder_6=0Q7
sc_cfg29,-1802.9855,-1802.9203,3.016593,3.016428,0.0055,19.10,24.623,1289,mult_0=HGP mult_8=HGY adder_2=0Q7 adder_3=0DL
sc_cfg32,-5284.6931,-5244.7623,9.728247,9.661302,0.6882,18.44,53.262,2888,mult_0=GPF mult_4=F6B mult_5=F6B mult_7=HGY adder_2=0AV adder_6=0DL adder_7=0M0
sc_cfg39,-4078.0611,-4081.8469,7.219784,7.227169,0.1023,19.64,24.789,1262,mult_5=5FA mult_6=8VH
sc_cfg40,-2297.6804,-2297.6041,5.528733,5.520292,0.1527,18.53,38.954,2102,mult_5=F6B mult_8=HGY adder_0=0GK adder_1=073 adder_2=0EM adder_3=0Q7
sc_cfg42,-4077.0832,-4080.8634,7.218386,7.225692,0.1012,19.66,12.996,661,mult_6=8VH
sc_cfg43,-2983.1909,-2984.0904,5.024045,5.025186,0.0227,18.76,40.919,2182,mult_7=HGY mult_8=HGY adder_1=0Q7 adder_4=0AV adder_5=073 adder_6=0M0
sc_cfg47,1436.1858,1422.7836,8.887262,8.896340,0.1021,19.53,14.678,752,adder_0=0Q7 adder_4=02E
sc_cfg49,-4969.7312,-4974.6241,8.466736,8.475259,0.1007,19.61,18.804,959,mult_6=HGP mult_8=GPF
sc_cfg55,1.1728,1.1594,0.015106,0.015109,0.0214,19.52,21.479,1100,adder_0=0AV adder_2=0Q7
sc_cfg62,-5846.5323,-5849.8343,9.724463,9.730933,0.0665,18.88,40.682,2154,mult_0=F6B mult_6=GPF mult_8=HGP adder_2=073 adder_5=0AV
sc_cfg63,-2751.0814,-2753.0249,6.344966,6.339264,0.0899,19.82,7.710,389,adder_3=02E
sc_cfg68,-131.4250,-149.3880,8.490168,8.485258,0.0578,19.50,25.000,1282,mult_0=5FA adder_6=02E
sc_cfg71,24.5121,24.4933,0.045403,0.045367,0.0790,19.53,26.615,1362,mult_6=5FA mult_7=AQ1
sc_cfg73,-1878.7396,-1844.9208,9.193141,9.105599,0.9523,19.15,31.847,1663,mult_3=AQ1 mult_6=GPF adder_3=0DL adder_7=02E
sc_cfg78,-0.5014,-0.4958,0.004206,0.004193,0.3120,19.82,9.416,475,adder_5=0EM
sc_cfg79,-2169.5490,-2161.2862,3.841215,3.830512,0.2786,19.83,10.761,543,mult_7=CK3
sc_cfg81,-2646.7796,-2715.0328,5.474755,5.560985,1.5751,18.19,63.944,3516,mult_0=GPF mult_4=DAE mult_6=5FA mult_8=HGP adder_1=0GK adder_2=0GK adder_5=0GK adder_6=0M0
sc_cfg84,-684.6659,-670.3980,9.640492,9.610296,0.3132,17.99,72.430,4026,mult_1=5FA mult_5=F6B mult_7=F6B mult_8=GPF adder_0=0Q7 adder_1=0GK adder_2=02E adder_6=0Q7
sc_cfg92,58.3713,58.1463,0.163745,0.163412,0.2035,18.77,40.155,2140,mult_1=AQ1 adder_1=073 adder_3=0AV adder_6=0M0 adder_7=0AV
sc_cfg93,3.1820,3.1592,0.015940,0.015933,0.0465,19.50,17.307,888,mult_0=AQ1 adder_2=0Q7
sc_cfg97,-3646.3802,-3654.4375,7.274255,7.287256,0.1787,18.28,68.483,3746,mult_1=5FA mult_3=F6B mult_5=5FA mult_7=8VH adder_2=0GK adder_4=0AV adder_5=073 adder_6=0Q7
sc_cfg103,-4969.7312,-4974.6241,8.466736,8.475259,0.1007,19.58,16.916,864,mult_6=8VH mult_8=8VH
sc_cfg105,-3729.1854,-3729.3073,9.231179,9.227054,0.0447,18.80,48.232,2566,mult_1=GPF mult_2=5FA mult_3=DAE mult_8=AQ1 adder_3=0MH
sc_cfg106,-4078.2542,-4081.9133,7.220351,7.227436,0.0981,18.78,59.899,3190,mult_0=5FA mult_4=5FA mult_6=CK3 mult_7=5FA adder_7=0Q7
sc_cfg110,29.8946,30.0437,0.135907,0.135745,0.1188,19.25,22.946,1192,adder_1=0M0 adder_6=0Q7 adder_7=0Q7
sc_cfg119,-5184.6066,-5190.0468,8.767727,8.777049,0.1063,18.65,49.756,2668,mult_0=DAE mult_6=GPF mult_7=AQ1 mult_8=GPF adder_3=0EM
sc_cfg121,-3168.5882,-3153.2292,6.186138,6.163865,0.3600,19.06,28.578,1499,mult_0=AQ1 mult_4=F6B mult_7=CK3
sc_cfg122,-2163.8351,-2167.8068,3.832995,3.836563,0.0931,19.56,12.877,658,mult_1=GPF
sc_cfg123,-313.9472,-449.3698,9.333337,9.231668,1.0893,17.92,56.258,3139,mult_0=CK3 mult_1=8VH mult_2=F6B mult_4=AQ1 adder_2=073 adder_4=0DL adder_5=0M0 adder_7=02E
sc_cfg125,-301.3370,-303.3137,2.286200,2.287942,0.0762,18.68,35.602,1905,mult_7=DAE adder_2=0GK adder_3=0DL adder_6=0EM adder_7=0M0
sc_cfg128,-894.1302,-892.5754,1.582253,1.580396,0.1174,19.31,16.055,831,mult_0=HGY adder_6=0AV
sc_cfg129,519.5993,518.6180,4.398346,4.392153,0.1408,19.00,30.379,1599,mult_6=F6B adder_5=0EM adder_6=0Q7
sc_cfg133,24.0053,23.9945,0.044623,0.044600,0.0526,19.58,18.838,962,mult_6=5FA
sc_cfg134,-722.5244,-719.7858,1.424858,1.422315,0.1785,18.57,47.789,2574,mult_0=GPF mult_4=5FA adder_0=0DL adder_5=0AV adder_7=0AV
sc_cfg138,16.5773,16.5891,0.051709,0.051744,0.0669,19.47,10.873,558,adder_6=073
sc_cfg142,-4077.0832,-4080.8634,7.218386,7.225692,0.1012,19.59,14.159,723,mult_6=8VH
sc_cfg144,-739.7841,-745.6546,3.267228,3.276406,0.2809,19.05,24.238,1273,adder_2=0GK adder_3=0GK adder_5=0DL
sc_cfg147,-2321.3395,-2340.2083,9.450245,9.418196,0.3391,18.73,25.677,1371,mult_1=8VH adder_1=0Q7 adder_2=0DL adder_6=02E
sc_cfg148,-792.7643,-793.0813,1.594549,1.596915,0.1484,18.02,51.706,2870,mult_0=CK3 mult_8=5FA adder_0=0M0 adder_1=0DL adder_2=0DL adder_4=073 adder_5=0EM
sc_cfg149,2617.2316,2579.4760,9.890201,9.788336,1.0300,19.06,24.388,1280,mult_2=F6B mult_8=AQ1 adder_7=02E
sc_cfg155,-5369.2631,-5712.0649,9.341062,9.810476,5.0253,17.74,53.125,2995,mult_0=AQ1 mult_2=HGP mult_8=HGP adder_1=0AV adder_4=0M0 adder_5=0GK adder_6=0EM adder_7=0GK
sc_cfg159,-4337.1215,-4274.2999,7.195298,7.105008,1.2548,18.51,42.981,2322,mult_1=CK3 mult_5=AQ1 mult_7=GPF adder_5=0EM adder_6=0DL
sc_cfg160,-893.3876,-891.8181,1.581266,1.579391,0.1186,19.55,13.609,696,mult_0=GPF
sc_cfg165,-225.4339,-234.9385,2.122809,2.130481,0.3614,18.49,38.393,2076,mult_0=5FA adder_0=073 adder_1=0Q7 adder_3=0GK adder_4=0M0
sc_cfg168,-1097.8613,-1145.4336,2.862109,2.884877,0.7955,18.30,48.608,2657,mult_0=GPF mult_2=DAE mult_4=AQ1 mult_5=AQ1 adder_4=0GK adder_5=0M0
sc_cfg174,534.3844,575.2178,8.925816,8.930394,0.0513,19.74,12.585,637,adder_2=02E
sc_cfg175,-2029.8959,-2037.6281,3.897089,3.904972,0.2023,19.58,22.069,1127,mult_0=F6B mult_1=F6B
sc_cfg180,1528.3138,1538.3409,6.492811,6.503049,0.1577,19.50,16.456,844,mult_3=DAE adder_0=0MH
sc_cfg181,27.1546,27.3706,0.058916,0.059153,0.4012,19.08,50.060,2624,mult_1=5FA mult_2=5FA mult_8=AQ1 adder_2=0EM
sc_cfg182,0.4965,0.4912,0.003594,0.003589,0.1235,19.81,13.842,699,mult_1=AQ1
sc_cfg185,-4937.9673,-4938.6377,8.422354,8.427550,0.0617,19.02,35.089,1845,mult_2=HGY mult_8=GPF adder_1=073 adder_4=0EM adder_6=0Q7
sc_cfg188,15.5452,15.6480,0.138884,0.139043,0.1144,19.55,23.827,1219,mult_3=5FA adder_2=0M0
sc_cfg191,-3003.6791,-3004.6100,6.976054,6.971235,0.0691,18.79,43.111,2294,mult_0=5FA mult_2=DAE adder_0=0DL adder_2=0GK adder_3=02E
sc_cfg194,-213.0984,-212.4734,0.438625,0.438043,0.1327,19.08,39.422,2066,mult_4=5FA mult_8=DAE adder_0=0EM adder_2=0M0
sc_cfg198,296.7472,335.8168,9.926474,9.910935,0.1565,18.23,89.280,4898,mult_0=8VH mult_1=5FA mult_2=F6B mult_3=AQ1 mult_4=AQ1 mult_6=AQ1 adder_0=0Q7 adder_1=0M0 adder_2=02E adder_5=073 adder_6=0EM adder_7=0M0
sc_cfg200,-5607.8890,-5548.1329,9.077104,8.990868,0.9500,17.50,95.136,5435,mult_0=DAE mult_1=HGP mult_3=AQ1 mult_4=DAE mult_5=DAE mult_7=GPF mult_8=HGP adder_1=0M0 adder_3=0M0 adder_4=0AV adder_6=0DL adder_7=0DL
sc_cfg201,-1786.0356,-1785.5789,2.956346,2.955856,0.0166,22.39,18.155,811,mult_0=HGP mult_8=HGP
sc_cfg202,1.9997,2.0007,0.004596,0.004600,0.0888,21.96,13.547,617,adder_1=0EM
sc_cfg203,-2163.8351,-2167.8068,3.832995,3.836563,0.0931,31.65,13.615,430,mult_1=CK3
sc_cfg204,-288.5977,-295.1772,2.210635,2.217553,0.3130,32.87,11.774,358,adder_1=0GK
sc_cfg207,-2809.9722,-3003.1669,8.725308,8.859219,1.5347,29.22,89.852,3075,mult_0=GPF mult_2=F6B mult_4=F6B mult_5=5FA mult_6=F6B mult_7=GPF adder_0=0DL adder_1=073 adder_2=0M0 adder_6=0GK
sc_cfg210,55.3786,55.3532,0.370861,0.370433,0.1153,26.73,18.953,709,mult_3=DAE adder_4=0AV
sc_cfg211,-3896.3193,-3891.2233,6.370847,6.364027,0.1070,20.18,62.145,3080,mult_0=HGP mult_2=AQ1 mult_7=GPF mult_8=CK3 adder_0=0AV adder_2=073 adder_5=0EM adder_7=073
sc_cfg212,-4020.8965,-4024.0454,7.152625,7.159616,0.0977,20.29,43.018,2120,mult_3=AQ1 mult_5=DAE mult_6=8VH adder_0=0EM adder_3=0EM
sc_cfg219,-2154.3706,-2158.4900,3.820754,3.824554,0.0995,18.95,30.475,1608,mult_1=8VH mult_7=5FA adder_7=073
sc_cfg229,-1526.2649,-1540.6984,4.830460,4.838569,0.1679,19.15,16.362,854,mult_3=F6B adder_4=0GK
sc_cfg234,-4043.5634,-4047.3375,7.174092,7.181333,0.1009,19.97,16.937,848,mult_6=CK3 adder_3=073
sc_cfg236,-1039.8921,-1054.3634,5.296867,5.283313,0.2559,17.19,78.137,4546,mult_2=F6B mult_3=5FA mult_4=AQ1 mult_8=F6B adder_0=0Q7 adder_1=073 adder_2=0GK adder_3=073 adder_6=0EM adder_7=0GK
sc_cfg243,605.8725,617.6285,6.187681,6.197731,0.1624,18.20,36.691,2016,mult_2=DAE mult_8=HGY adder_0=0MH adder_1=0EM adder_2=0M0 adder_6=0DL
sc_cfg245,-1413.6198,-1374.7519,9.329254,9.327703,0.0166,18.91,27.020,1429,adder_1=02E adder_2=0AV adder_4=0Q7
sc_cfg252,15.0226,15.3144,0.129205,0.129400,0.1506,19.30,10.019,519,adder_5=0M0
sc_cfg258,542.1752,542.3708,4.407044,4.401533,0.1251,18.84,38.596,2049,mult_1=5FA mult_6=F6B adder_2=0M0 adder_3=0Q7
sc_cfg267,3.3297,3.4158,0.040583,0.040564,0.0458,19.21,23.110,1203,mult_0=5FA adder_7=0Q7
sc_cfg269,-91.1439,-107.1667,8.381327,8.392975,0.1390,19.17,19.233,1004,adder_3=0DL adder_5=02E
sc_cfg271,-3928.3123,-3919.5141,8.597561,8.578753,0.2188,18.56,35.266,1900,mult_4=F6B adder_0=0GK adder_3=02E adder_4=0AV adder_7=073
sc_cfg284,-1038.1852,-1031.2280,2.726169,2.718665,0.2753,18.13,47.372,2612,mult_7=F6B adder_2=0AV adder_3=073 adder_4=073 adder_6=0Q7 adder_7=0M0
sc_cfg286,520.9798,520.9281,4.398401,4.392771,0.1280,19.14,17.909,936,mult_6=F6B adder_7=0EM
sc_cfg289,-692.6213,-674.8056,6.429265,6.433245,0.0619,18.86,20.563,1090,mult_7=8VH adder_0=0MH adder_1=0Q7
sc_cfg293,-997.3103,-997.7016,1.753709,1.754263,0.0316,18.75,42.853,2286,mult_5=5FA mult_6=DAE mult_7=DAE mult_8=8VH
sc_cfg294,-183.0379,-179.2816,2.085153,2.088460,0.1586,18.93,34.615,1829,mult_0=5FA adder_0=0GK adder_5=0Q7
sc_cfg298,-4268.5788,-4261.2320,7.776981,7.762987,0.1799,18.41,37.438,2033,mult_0=HGY mult_2=DAE mult_5=F6B mult_7=HGP adder_0=073
sc_cfg300,-2256.1109,-2251.4627,3.966339,3.960532,0.1464,18.02,58.037,3221,mult_1=DAE mult_7=CK3 adder_0=0EM adder_2=0M0 adder_4=0EM adder_6=073 adder_7=0Q7
sc_cfg302,-1952.1048,-1944.5511,4.554061,4.543342,0.2354,18.35,45.113,2458,mult_0=HGP mult_1=DAE mult_4=F6B mult_5=DAE adder_0=0EM
sc_cfg306,-2163.8351,-2167.8068,3.832995,3.836563,0.0931,19.37,14.662,757,mult_1=GPF
sc_cfg309,-16.7263,-18.5034,0.464755,0.464680,0.0160,19.40,13.345,688,adder_4=0DL
sc_cfg312,-0.1306,-0.1177,0.014963,0.014957,0.0434,19.36,11.956,618,adder_7=0Q7
sc_cfg313,1518.9362,1528.5741,6.481015,6.490105,0.1403,18.90,24.660,1304,adder_0=0MH adder_1=0M0 adder_2=0M0
sc_cfg318,-2307.1709,-2269.3870,9.769951,9.760869,0.0930,19.21,15.114,787,mult_8=CK3 adder_1=02E
sc_cfg319,-962.8813,-968.1248,1.812934,1.820193,0.4004,17.69,56.255,3179,mult_0=CK3 mult_6=AQ1 mult_7=DAE adder_0=0Q7 adder_2=0M0 adder_3=0DL adder_4=073 adder_7=0DL
sc_cfg320,-1135.5428,-1144.7460,2.810997,2.820269,0.3298,19.10,31.464,1648,mult_1=F6B mult_7=5FA
sc_cfg321,2056.9574,2044.2080,8.477056,8.463179,0.1637,19.12,19.524,1021,adder_5=0DL adder_7=02E
sc_cfg324,-486.6587,-969.6495,4.121727,4.322442,4.8697,17.52,83.538,4767,mult_1=8VH mult_2=5FA mult_7=5FA adder_0=02E adder_2=0EM adder_3=0AV adder_4=0GK adder_6=0M0 adder_7=0AV
sc_cfg326,13.5105,13.6383,0.060094,0.060007,0.1452,18.70,53.817,2878,mult_0=AQ1 mult_7=5FA mult_8=5FA adder_7=073
sc_cfg330,-892.6481,-893.7607,1.580447,1.581703,0.0795,19.33,12.514,647,mult_8=F6B
sc_cfg332,1434.2096,1420.3479,8.883745,8.892302,0.0963,19.07,14.492,760,adder_4=02E adder_5=0AV
sc_cfg342,523.9807,523.9233,4.399234,4.393606,0.1279,18.69,34.244,1832,mult_0=AQ1 mult_3=AQ1 mult_6=F6B adder_2=0AV
sc_cfg344,-3055.9937,-3061.0163,5.122986,5.128976,0.1169,18.90,19.666,1041,mult_1=HGY mult_8=8VH adder_5=0Q7
sc_cfg347,-892.6481,-893.7607,1.580447,1.581703,0.0795,19.31,11.183,579,mult_8=8VH
sc_cfg352,-1975.3773,-1973.0509,7.905528,7.906836,0.0165,18.63,31.032,1666,mult_4=DAE adder_1=0M0 adder_3=0MH adder_6=0GK
sc_cfg356,-292.5159,-288.1641,2.181308,2.184123,0.1291,19.05,16.085,844,adder_1=0EM adder_6=0GK
sc_cfg361,-3278.4044,-3279.4316,5.813319,5.816192,0.0494,18.87,22.571,1196,mult_1=F6B mult_7=HGY adder_1=073
sc_cfg367,0.9014,1.1284,0.032803,0.032865,0.1916,19.40,17.044,879,mult_1=5FA
sc_cfg369,-2163.3363,-2167.3054,3.832336,3.835898,0.0930,19.23,15.619,812,mult_1=HGY mult_4=AQ1
sc_cfg370,0.4987,0.5014,0.001082,0.001085,0.2613,19.41,11.442,589,mult_4=AQ1
sc_cfg382,-3509.9498,-3527.4389,7.563826,7.578447,0.1933,16.33,88.010,5388,mult_0=HGY mult_1=F6B mult_5=DAE mult_6=F6B mult_7=HGP adder_0=0AV adder_1=0DL adder_2=0AV adder_3=0M0 adder_4=0EM adder_5=073 adder_6=0EM adder_7=073
sc_cfg387,-15.5610,-892.3295,8.821864,9.302502,5.4483,18.77,48.927,2607,mult_0=5FA mult_1=F6B mult_8=8VH adder_1=0DL adder_3=0GK adder_4=02E
sc_cfg392,-2169.5490,-2161.2862,3.841215,3.830512,0.2786,26.17,9.890,378,mult_7=8VH
sc_cfg394,1406.5150,1396.7588,8.871955,8.880631,0.0978,27.79,13.199,475,adder_0=0M0 adder_4=02E
sc_cfg395,1205.9609,1220.8614,8.785753,8.718888,0.7611,26.70,36.955,1384,mult_4=F6B mult_8=DAE adder_2=0M0 adder_6=073 adder_7=02E
sc_cfg398,-1376.0414,-1377.6795,7.409816,7.412433,0.0353,24.30,16.363,673,mult_7=DAE adder_3=0MH
sc_cfg406,22.4842,21.9957,0.137852,0.137993,0.1021,18.59,49.177,2646,mult_1=5FA adder_0=0AV adder_4=0AV adder_6=0EM adder_7=0M0
sc_cfg413,-2319.2912,-2313.2964,4.408977,4.398473,0.2382,20.26,17.375,858,mult_7=F6B adder_7=0GK
sc_cfg416,-1.2546,-1.2442,0.005151,0.005133,0.3380,21.41,15.802,738,adder_0=0AV adder_5=0EM
sc_cfg417,-103.8009,-29.3307,0.750916,0.727287,3.1467,19.20,36.316,1891,mult_2=5FA mult_4=DAE adder_6=0DL adder_7=0DL
sc_cfg418,-16.7263,-18.5034,0.464755,0.464680,0.0160,19.33,8.883,460,adder_4=0DL
sc_cfg419,-144.6223,-112.2861,0.719544,0.708727,1.5032,18.41,42.451,2306,mult_6=5FA mult_7=DAE adder_1=0DL adder_3=0Q7 adder_5=0DL
sc_cfg422,75.1533,79.0654,0.176387,0.180436,2.2953,18.66,34.381,1843,adder_2=0Q7 adder_3=0AV adder_4=073 adder_5=0Q7 adder_6=0M0
sc_cfg432,-1182.5941,-1187.2219,2.907022,2.912429,0.1860,18.39,35.380,1924,mult_2=AQ1 mult_8=HGP adder_5=0GK adder_6=0EM adder_7=0EM
sc_cfg437,163.0036,169.8022,3.295501,3.294025,0.0448,19.32,8.205,425,adder_0=02E
sc_cfg439,-4149.6563,-4139.9044,9.154864,9.142339,0.1368,17.83,59.018,3310,mult_2=HGP mult_5=DAE mult_6=F6B mult_8=GPF adder_0=02E adder_2=073 adder_3=073 adder_4=0AV
sc_cfg440,-4220.4576,-4219.5390,7.426744,7.430659,0.0527,18.51,42.791,2312,mult_1=DAE mult_2=HGY mult_4=AQ1 adder_2=0DL adder_4=0AV
sc_cfg443,5.9557,5.9899,0.039698,0.039672,0.0656,19.28,8.642,448,adder_0=073
sc_cfg446,-0.7531,-0.7485,0.002659,0.002651,0.3112,19.25,9.701,504,adder_0=0AV
sc_cfg449,-3915.9058,-3905.6553,7.738424,7.729083,0.1207,19.03,11.439,601,mult_2=HGY adder_0=02E
sc_cfg454,-1158.5417,-1159.5015,2.884882,2.886795,0.0663,18.24,66.026,3619,mult_0=F6B mult_1=5FA mult_5=5FA mult_6=5FA adder_1=0EM adder_5=0GK
sc_cfg455,-11.8709,-12.1278,0.462424,0.461798,0.1354,19.57,13.615,696,adder_1=0DL
sc_cfg464,24.0897,24.6408,0.149512,0.149642,0.0872,18.52,41.764,2255,mult_4=5FA adder_0=0M0 adder_4=0Q7 adder_5=073 adder_7=0Q7
sc_cfg465,-916.3402,-918.2387,1.677083,1.679070,0.1185,19.05,21.948,1152,mult_8=HGP adder_2=0DL adder_6=0EM
sc_cfg467,-0.0302,0.0576,0.033155,0.033086,0.2079,19.35,25.235,1304,mult_7=5FA adder_6=0EM
sc_cfg468,-291.9918,-286.5505,2.175006,2.177428,0.1114,19.38,8.151,421,adder_4=0GK
sc_cfg472,33.4113,33.3664,0.081120,0.081157,0.0460,19.29,14.628,758,adder_2=073 adder_4=073
sc_cfg476,-3408.3173,-3402.9575,6.657881,6.645619,0.1842,21.05,29.926,1422,mult_5=F6B mult_7=HGP adder_4=0M0 adder_6=0AV
sc_cfg481,-2163.3456,-2167.2555,3.832365,3.835861,0.0912,22.26,19.329,868,mult_1=GPF adder_5=0Q7
sc_cfg483,-3192.8091,-3202.6189,6.961273,6.953593,0.1103,27.13,32.950,1215,mult_1=HGY mult_2=F6B mult_8=8VH adder_0=0DL adder_7=0GK
sc_cfg490,-2110.1383,-2101.8663,3.763326,3.752569,0.2858,19.59,37.469,1912,mult_7=GPF mult_8=5FA adder_0=073 adder_3=073
sc_cfg491,-1075.1340,-1072.5145,2.743860,2.742415,0.0526,20.09,37.092,1847,mult_8=GPF adder_0=0GK adder_2=0Q7 adder_4=0Q7 adder_5=0EM
sc_cfg502,29.5578,29.6356,0.134157,0.133966,0.1425,31.04,8.687,280,adder_1=0M0
sc_cfg505,-3292.5139,-3300.4541,5.887607,5.900042,0.2112,27.74,77.299,2786,mult_0=AQ1 mult_1=8VH mult_2=5FA mult_8=GPF adder_0=0EM adder_1=0GK adder_3=0DL adder_6=073 adder_7=073
sc_cfg510,-4258.2045,-4247.9645,7.070349,7.054504,0.2241,31.81,40.977,1288,mult_1=CK3 mult_7=8VH adder_0=073 adder_3=0Q7 adder_4=0Q7 adder_6=0M0
sc_cfg515,-2449.0183,-2506.0952,6.215047,6.262930,0.7704,32.81,36.603,1116,mult_3=F6B mult_4=F6B adder_1=0DL adder_4=0DL adder_5=0EM
sc_cfg517,-140.2182,-115.9018,0.762983,0.747256,2.0613,28.83,60.366,2094,mult_0=DAE mult_1=5FA adder_0=0M0 adder_1=0M0 adder_2=073 adder_3=0AV adder_6=0DL adder_7=0DL
sc_cfg518,-132.7976,-152.9215,8.489369,8.485323,0.0477,32.38,8.070,249,adder_6=02E
sc_cfg525,31.1166,31.1045,0.074577,0.074738,0.2156,32.60,23.871,732,mult_8=5FA adder_1=073
sc_cfg526,-0.9975,-1.0015,0.004473,0.004470,0.0657,32.96,11.732,356,adder_7=0EM
sc_cfg528,-2159.8426,-2163.8152,3.827727,3.831299,0.0933,32.29,17.215,533,mult_1=8VH adder_1=0Q7
sc_cfg530,-0.4991,-0.4986,0.002164,0.002163,0.0541,29.04,10.674,368,adder_4=0AV
sc_cfg531,-4922.3947,-4917.8073,8.401818,8.399025,0.0332,20.43,34.759,1701,mult_0=CK3 mult_2=8VH adder_0=073 adder_5=073 adder_6=0EM
sc_cfg533,1293.2749,556.2383,8.757825,8.704429,0.6097,29.31,52.837,1803,mult_0=8VH mult_4=5FA mult_8=AQ1 adder_0=0Q7 adder_3=0M0 adder_4=02E
sc_cfg545,-0.1306,-0.1177,0.014963,0.014957,0.0434,31.25,10.312,330,adder_7=0Q7
sc_cfg546,-1417.0561,-1416.5851,4.741023,4.734331,0.1412,25.14,35.049,1394,mult_3=F6B adder_0=0GK adder_4=0Q7 adder_6=0DL adder_7=073
sc_cfg556,-79.6776,-81.3435,0.307759,0.308494,0.2388,22.90,39.400,1721,mult_0=5FA mult_1=DAE adder_3=0M0 adder_7=073
sc_cfg558,714.0529,713.0894,4.483959,4.477567,0.1426,24.07,43.240,1797,mult_5=5FA mult_6=F6B adder_0=0M0 adder_3=0DL adder_5=0EM
sc_cfg560,-2626.8583,-2670.6608,8.920841,8.928726,0.0884,16.89,92.579,5480,mult_0=CK3 mult_2=F6B mult_4=F6B mult_5=F6B mult_6=F6B mult_7=AQ1 mult_8=HGP adder_1=0DL adder_2=073 adder_3=073 adder_4=0M0 adder_5=0EM adder_7=0AV
sc_cfg561,-4242.3134,-4243.5504,7.193427,7.195800,0.0330,31.01,40.975,1322,mult_0=GPF mult_1=HGY mult_8=CK3 adder_3=0AV adder_6=0GK
sc_cfg567,-5036.3962,-5049.2052,8.811851,8.833224,0.2426,31.63,36.561,1156,mult_1=F6B mult_5=5FA mult_6=HGP adder_3=0DL
sc_cfg569,1.0047,0.9933,0.004056,0.004052,0.0931,33.64,19.550,581,mult_4=AQ1 adder_2=0EM
sc_cfg570,-4227.7613,-4221.3912,6.959049,6.950541,0.1223,33.72,76.479,2268,mult_0=CK3 mult_1=AQ1 mult_2=AQ1 mult_6=5FA mult_7=8VH adder_1=0AV adder_4=0DL adder_5=0AV adder_7=0GK
sc_cfg571,1256.8941,1282.7968,6.715213,6.719155,0.0587,34.03,38.389,1128,adder_0=0MH adder_1=0EM adder_5=0Q7 adder_6=0GK adder_7=0M0
sc_cfg572,-4050.0446,-4054.8844,7.182892,7.191541,0.1204,33.15,37.636,1135,mult_0=AQ1 mult_6=8VH adder_0=073 adder_3=0Q7 adder_6=073
sc_cfg574,-1168.8360,-1064.2620,2.920226,2.850387,2.3916,32.31,35.570,1101,mult_8=8VH adder_2=0M0 adder_4=0DL adder_6=0GK adder_7=0AV
sc_cfg581,-3036.0382,-3038.2012,5.123108,5.123113,0.0001,30.99,42.779,1380,mult_0=CK3 mult_1=HGP mult_6=DAE adder_1=0DL adder_2=073
sc_cfg582,-170.8717,-165.3956,2.189879,2.192595,0.1240,30.86,45.556,1476,mult_3=AQ1 mult_5=DAE mult_6=AQ1 adder_4=0GK adder_6=0M0
sc_cfg585,1127.0949,-746.9608,8.682087,8.907297,2.5940,32.06,14.328,447,mult_1=HGP adder_4=02E
sc_cfg588,-1600.5267,-1597.4512,7.396997,7.393303,0.0499,30.75,31.056,1010,adder_0=0AV adder_2=073 adder_3=0MH adder_4=073 adder_5=0M0
sc_cfg591,-7.3271,-5.9223,0.464645,0.464715,0.0151,32.42,12.133,374,adder_6=0DL
sc_cfg604,1.6831,1.6391,0.015593,0.015596,0.0251,31.35,20.400,651,adder_2=0EM adder_6=0Q7
sc_cfg605,110.4333,116.0819,4.828448,4.827069,0.0286,30.88,28.839,934,mult_6=F6B mult_7=DAE adder_4=0GK
sc_cfg617,-219.7192,-220.2756,0.426092,0.426959,0.2033,29.54,20.017,678,mult_0=DAE adder_6=0Q7
sc_cfg619,-2696.2987,-2689.6065,9.847558,9.852060,0.0457,31.51,59.481,1888,mult_2=CK3 mult_3=DAE mult_6=DAE adder_1=02E adder_2=0EM adder_3=0DL adder_4=0DL adder_7=073
sc_cfg620,-1701.9853,-1697.5717,7.464526,7.460243,0.0574,31.55,49.690,1575,mult_0=AQ1 mult_6=5FA adder_2=0AV adder_3=0MH adder_7=0DL
sc_cfg623,-4076.0785,-4079.8701,7.217056,7.224377,0.1014,32.53,17.010,523,mult_6=8VH adder_2=0EM
sc_cfg626,-4171.4443,-4176.9723,7.348193,7.357613,0.1282,32.02,36.261,1132,mult_1=DAE mult_2=5FA mult_6=8VH
sc_cfg627,0.0000,0.0000,0.000000,0.000000,0.0000,32.06,13.602,424,adder_2=0AV
sc_cfg629,-3072.4522,-3070.6145,5.166990,5.165278,0.0331,31.13,29.224,939,mult_0=GPF mult_7=HGY adder_2=0EM adder_4=0DL
sc_cfg632,-4078.9094,-4075.4574,7.220585,7.220521,0.0009,31.77,22.524,709,mult_2=8VH adder_3=0AV
sc_cfg633,-654.1521,-659.7826,8.072478,8.090560,0.2240,32.18,18.998,590,adder_0=0GK adder_4=02E
sc_cfg640,1194.3773,1192.5950,8.116758,8.097662,0.2353,31.97,21.922,686,mult_0=HGP adder_1=073 adder_7=02E
sc_cfg642,-3995.2013,-3991.1181,7.119309,7.118387,0.0129,30.38,50.556,1664,mult_0=AQ1 mult_2=CK3 mult_5=DAE mult_8=AQ1 adder_0=0EM adder_3=073
sc_cfg644,-2161.4880,-2376.8642,6.946506,7.095891,2.1505,28.28,101.230,3579,mult_0=DAE mult_2=F6B mult_3=AQ1 mult_5=F6B mult_6=5FA mult_7=F6B adder_0=0Q7 adder_1=0Q7 adder_2=0DL adder_3=0M0 adder_5=0DL adder_6=0M0
sc_cfg651,-1999.9370,-1784.9934,9.747237,9.718202,0.2979,25.44,85.613,3365,mult_0=F6B mult_3=5FA mult_4=F6B mult_5=DAE mult_6=AQ1 mult_7=AQ1 adder_1=0DL adder_2=0M0 adder_5=02E adder_6=0GK adder_7=0DL
sc_cfg652,-3315.9474,-3305.7685,5.901703,5.890006,0.1982,30.59,36.259,1185,mult_7=HGY mult_8=8VH adder_0=073 adder_1=0DL adder_4=0GK adder_5=0EM
sc_cfg657,-2292.6057,-2277.5339,4.018737,3.999336,0.4828,30.86,40.041,1298,mult_0=DAE mult_7=HGP adder_0=0M0 adder_6=073 adder_7=0M0
sc_cfg658,1434.7028,1420.8460,8.883931,8.892489,0.0963,32.67,7.779,238,adder_4=02E
sc_cfg662,550.9701,591.7857,8.912379,8.917153,0.0536,32.07,30.775,960,mult_1=AQ1 adder_2=02E adder_5=073 adder_7=0Q7
sc_cfg663,-434.6473,-427.0562,2.266250,2.269251,0.1325,30.97,47.332,1528,mult_0=AQ1 mult_4=DAE mult_8=DAE adder_1=0M0 adder_3=0Q7 adder_4=0GK
sc_cfg667,1.9198,1.8795,0.015789,0.015765,0.1467,32.52,26.946,829,mult_1=AQ1 mult_3=AQ1 adder_6=0Q7
sc_cfg671,522.5230,522.5138,4.398911,4.393236,0.1290,32.23,20.800,645,mult_6=F6B adder_4=0Q7
sc_cfg677,-0.5009,-0.5029,0.004202,0.004202,0.0198,38.39,9.484,247,adder_4=0EM
sc_cfg687,-0.1594,-0.1850,0.014925,0.014910,0.1033,25.10,9.019,359,adder_0=0Q7
sc_cfg692,-260.3630,-269.2156,2.249236,2.256470,0.3216,28.83,39.762,1379,mult_3=5FA adder_0=0DL adder_1=0GK adder_4=0Q7 adder_6=0M0
sc_cfg695,-0.4442,-2.0640,0.466112,0.466032,0.0173,23.48,31.186,1328,mult_0=AQ1 adder_2=0EM adder_4=0DL adder_5=073
sc_cfg701,-3048.4736,-3053.5779,5.112456,5.118566,0.1195,19.79,30.949,1564,mult_1=8VH mult_8=F6B adder_3=0EM adder_7=0Q7
sc_cfg708,530.2514,530.1823,4.400934,4.395537,0.1226,19.75,25.993,1316,mult_6=F6B adder_1=0AV adder_7=073
sc_cfg711,-2949.6728,-2950.3870,4.989791,4.991513,0.0345,19.00,56.323,2965,mult_0=CK3 mult_5=DAE mult_7=HGP adder_0=0EM adder_1=0EM adder_2=0AV adder_5=073 adder_7=0M0
sc_cfg715,-3060.4403,-3053.1161,5.129323,5.119915,0.1834,23.75,36.035,1517,mult_0=HGP mult_1=AQ1 mult_7=CK3 adder_4=0EM
sc_cfg717,-114.5522,-114.2971,0.302443,0.302481,0.0125,19.40,24.769,1277,mult_7=DAE adder_3=0EM
sc_cfg718,19.8840,19.8991,0.131701,0.131844,0.1084,19.19,20.425,1064,adder_2=0M0 adder_3=0Q7
sc_cfg721,-23.1859,-23.9701,0.463228,0.463407,0.0386,19.10,19.238,1007,adder_2=0DL adder_4=0AV
sc_cfg725,46.6431,43.5801,0.158132,0.157203,0.5879,17.96,75.590,4208,mult_2=5FA mult_4=5FA mult_7=5FA mult_8=AQ1 adder_2=0EM adder_3=0EM adder_5=0M0
sc_cfg726,-1892.9433,-1886.9550,4.474038,4.464575,0.2115,19.77,23.665,1197,mult_4=F6B mult_8=GPF
sc_cfg729,-3060.9339,-2989.1451,9.975224,9.819578,1.5603,18.20,41.793,2296,mult_0=F6B mult_6=HGY mult_7=DAE adder_1=0M0 adder_2=0M0 adder_7=02E
sc_cfg730,-87.5827,-88.5781,0.472870,0.473393,0.1106,18.93,25.895,1368,mult_5=AQ1 adder_0=0EM adder_2=0DL
sc_cfg732,560.5224,549.7448,4.407018,4.393687,0.3025,18.98,24.379,1285,mult_2=F6B adder_2=0AV adder_3=073
sc_cfg734,-1243.1025,-1242.6070,4.023454,4.020318,0.0779,18.61,23.199,1247,mult_1=HGY adder_0=02E adder_1=0Q7 adder_3=073
sc_cfg735,-5494.9741,-5488.2406,9.436116,9.436951,0.0089,18.53,41.559,2242,mult_0=DAE mult_1=5FA mult_6=HGY mult_8=8VH adder_5=0GK
sc_cfg736,17.1875,17.2116,0.051437,0.051501,0.1235,19.38,8.700,449,adder_2=073
sc_cfg737,245.7867,280.0406,9.158292,9.158199,0.0010,18.90,21.127,1118,mult_5=AQ1 adder_1=0GK adder_2=02E
sc_cfg743,-116.8732,-118.6327,0.305322,0.306709,0.4542,18.42,39.304,2133,mult_1=DAE mult_4=AQ1 adder_2=0Q7 adder_3=0AV adder_5=0EM
sc_cfg746,-1045.7904,-1070.8277,8.690307,8.687895,0.0277,18.43,67.390,3657,mult_3=5FA mult_5=5FA mult_7=AQ1 mult_8=F6B adder_0=0DL adder_5=0EM adder_6=02E
sc_cfg752,-0.7531,-0.7485,0.002659,0.002651,0.3112,19.29,10.405,539,adder_0=0AV
sc_cfg758,476.4970,518.9960,8.932392,8.934213,0.0204,19.15,13.477,704,adder_2=02E adder_7=0DL
sc_cfg759,-4077.5846,-4081.3591,7.219051,7.226350,0.1011,19.26,17.073,886,mult_6=8VH adder_5=0EM
sc_cfg766,-4293.8825,-4297.2559,8.433490,8.434776,0.0153,20.07,57.992,2890,mult_0=HGP mult_1=5FA mult_3=F6B mult_5=F6B mult_8=8VH adder_6=0AV
sc_cfg767,-0.5009,-0.5029,0.004202,0.004202,0.0198,25.40,11.256,443,adder_4=0EM
sc_cfg771,-180.9041,-228.7568,9.381533,9.287647,1.0008,17.45,82.404,4723,mult_1=F6B mult_3=AQ1 mult_4=F6B mult_6=5FA mult_8=F6B adder_0=0GK adder_1=0M0 adder_2=0GK adder_5=0EM adder_6=0DL adder_7=02E
sc_cfg772,24.0006,24.0025,0.044618,0.044618,0.0011,19.69,17.298,879,mult_2=5FA
sc_cfg774,-8.4073,-8.6879,0.463617,0.463120,0.1071,19.44,22.698,1168,mult_8=5FA adder_1=0DL
sc_cfg778,-118.3618,-120.1114,0.306353,0.307693,0.4376,19.74,12.480,632,mult_1=DAE
sc_cfg781,-132.7976,-152.9215,8.489369,8.485323,0.0477,19.75,18.096,916,adder_1=0AV adder_6=02E
sc_cfg783,193.2714,233.0222,9.933750,9.919966,0.1388,19.15,40.037,2091,mult_6=F6B mult_8=GPF adder_1=0M0 adder_2=02E adder_3=0AV
sc_cfg785,32.6965,32.8218,0.264038,0.263931,0.0406,19.47,21.400,1099,mult_2=DAE adder_2=0M0
sc_cfg792,-4054.9041,-4051.4629,7.188830,7.188808,0.0003,19.58,26.129,1335,mult_2=CK3 mult_6=5FA
sc_cfg793,22.1189,21.8252,0.533881,0.534097,0.0404,18.82,45.050,2394,mult_2=DAE mult_6=AQ1 adder_2=0M0 adder_3=0DL adder_7=073
sc_cfg800,-2163.1928,-2167.1609,3.832160,3.835736,0.0933,24.16,20.741,858,mult_1=8VH adder_6=0Q7
sc_cfg805,-1935.2759,-1960.6761,3.784806,3.814856,0.7940,18.57,44.574,2400,mult_6=DAE mult_7=F6B mult_8=GPF adder_5=073 adder_7=073
sc_cfg811,-33.7514,-32.2272,0.463757,0.464399,0.1386,19.28,24.635,1278,mult_6=5FA adder_7=0DL
sc_cfg818,-1000.2953,-993.1943,3.651103,3.642058,0.2477,19.54,12.690,649,mult_4=F6B
sc_cfg825,-4002.8760,-4002.5928,9.491422,9.488734,0.0283,18.85,28.944,1535,mult_1=8VH mult_8=DAE adder_1=073 adder_3=0MH
sc_cfg833,-0.9975,-1.0015,0.004473,0.004470,0.0657,19.21,20.712,1078,adder_2=0AV adder_7=0EM
sc_cfg834,0.0000,0.0000,0.000000,0.000000,0.0000,19.46,13.883,713,adder_3=0AV
sc_cfg836,1155.6527,-718.2801,8.691567,8.902751,2.4298,18.60,47.216,2538,mult_1=HGP mult_8=5FA adder_2=0Q7 adder_4=02E adder_5=0M0
sc_cfg837,-265.0155,-265.3806,2.212627,2.216451,0.1728,19.47,8.773,451,adder_2=0GK
sc_cfg838,-5042.2905,-5046.8504,8.581495,8.589850,0.0974,18.65,40.160,2153,mult_0=DAE mult_6=8VH mult_8=GPF adder_0=0DL adder_2=0EM
sc_cfg839,-1609.1671,-1607.7742,2.739169,2.738240,0.0339,18.67,32.406,1735,mult_0=HGP mult_8=GPF adder_0=0DL adder_6=0EM
sc_cfg840,0.0000,0.0000,0.000000,0.000000,0.0000,19.47,14.892,765,mult_6=AQ1
sc_cfg869,15.0283,14.6642,0.172035,0.172179,0.0840,18.73,29.693,1585,adder_2=0M0 adder_5=0M0 adder_6=0EM adder_7=0AV
sc_cfg873,-5181.6277,-5177.9509,8.436564,8.430257,0.0748,18.55,47.279,2549,mult_1=8VH mult_3=DAE mult_7=GPF mult_8=HGP adder_1=0M0
sc_cfg877,-167.7625,-164.4656,2.061168,2.063824,0.1289,19.15,19.117,998,adder_0=0GK adder_6=073
sc_cfg881,-2011.2699,-2021.6503,3.874044,3.887441,0.3458,18.61,37.230,2000,mult_1=F6B mult_8=CK3 adder_2=0Q7 adder_4=0M0 adder_5=0AV
sc_cfg883,-2236.9845,-2230.4558,6.458209,6.457936,0.0042,18.48,44.018,2382,mult_4=AQ1 mult_6=DAE adder_0=073 adder_3=02E adder_4=0EM adder_6=0EM
sc_cfg885,-3048.7467,-3051.3722,5.114260,5.115680,0.0278,19.10,24.118,1263,mult_0=HGY mult_1=8VH adder_7=073
sc_cfg887,-240.7991,-238.4182,0.650006,0.646961,0.4683,18.77,39.211,2089,mult_4=5FA mult_8=DAE adder_4=0AV adder_5=0DL
sc_cfg888,-2094.2236,-2093.9951,3.745595,3.743774,0.0486,18.27,42.389,2320,mult_1=8VH adder_1=0M0 adder_2=073 adder_4=0EM adder_5=0Q7 adder_7=0M0
sc_cfg890,-4519.3330,-4523.8441,7.467612,7.473529,0.0792,17.97,66.838,3720,mult_0=DAE mult_1=GPF mult_2=AQ1 mult_5=DAE mult_7=8VH adder_3=0EM adder_5=0M0 adder_7=0DL
sc_cfg891,-4957.1723,-4953.6412,8.449957,8.449243,0.0084,18.39,57.618,3132,mult_2=8VH mult_3=5FA mult_7=5FA mult_8=HGY adder_5=0M0 adder_7=0AV
sc_cfg896,-951.4241,-948.0399,1.721267,1.717498,0.2189,19.80,12.090,611,mult_0=HGY adder_7=0DL
sc_cfg899,-2264.0334,-2268.1872,4.667143,4.669427,0.0489,18.99,31.847,1677,mult_1=F6B mult_7=F6B adder_2=0EM adder_4=073
sc_cfg902,-1169.8686,-1173.5198,2.270254,2.273651,0.1497,19.01,38.335,2017,mult_5=AQ1 mult_7=AQ1 adder_4=0AV adder_5=0EM adder_7=0GK
sc_cfg907,-4985.7131,-5016.2575,9.208624,9.243387,0.3775,17.66,57.836,3275,mult_1=HGP mult_2=AQ1 mult_8=AQ1 adder_0=0DL adder_1=0Q7 adder_3=02E adder_4=0M0 adder_6=0DL adder_7=0M0
sc_cfg908,369.9710,380.6835,4.429213,4.414716,0.3273,18.63,44.758,2402,mult_0=5FA mult_1=DAE mult_6=F6B adder_1=0DL adder_5=0DL
sc_cfg914,-119.5522,-119.2971,0.306950,0.306978,0.0089,19.48,16.325,838,mult_7=DAE
sc_cfg915,-69.3600,-69.2745,0.349025,0.350248,0.3504,20.11,23.580,1172,mult_4=DAE adder_6=0Q7
sc_cfg923,-856.7207,-857.6146,1.539596,1.540475,0.0571,21.71,61.563,2836,mult_0=AQ1 mult_5=AQ1 mult_8=F6B adder_0=0EM adder_2=0M0 adder_5=0AV adder_7=0M0
sc_cfg927,0.0000,0.0000,0.000000,0.000000,0.0000,19.63,12.197,621,mult_6=AQ1
sc_cfg931,-2879.6143,-2875.3016,5.057980,5.052628,0.1058,16.97,81.834,4823,mult_0=HGP mult_6=5FA mult_7=F6B mult_8=HGY adder_0=0AV adder_1=0EM adder_2=0Q7 adder_3=0M0 adder_4=0M0 adder_5=0Q7 adder_6=0Q7 adder_7=0AV
sc_cfg933,-2301.4898,-2321.2214,9.423602,9.394425,0.3096,18.78,38.599,2056,mult_1=HGY mult_5=5FA adder_4=0AV adder_6=02E adder_7=0Q7
sc_cfg934,-1389.4287,-1350.3856,9.321529,9.319730,0.0193,18.75,27.385,1461,mult_6=AQ1 adder_1=02E adder_2=0Q7 adder_5=0M0
sc_cfg941,-715.5528,-713.0071,1.415578,1.413429,0.1518,19.15,18.748,979,mult_0=GPF adder_0=0DL
sc_cfg942,58.2182,51.6249,0.380496,0.378519,0.5197,18.07,67.219,3719,mult_2=5FA mult_3=DAE mult_6=AQ1 adder_1=0M0 adder_2=0EM adder_3=0Q7 adder_4=0M0 adder_7=0Q7
sc_cfg944,55.8751,56.3430,0.371051,0.370795,0.0692,19.26,23.211,1205,mult_1=AQ1 mult_3=DAE
sc_cfg948,-0.4933,-0.4981,0.002152,0.002162,0.4914,19.42,15.155,780,adder_5=0AV
sc_cfg949,-1616.3086,-1614.8391,7.417611,7.415289,0.0313,18.90,51.642,2732,mult_3=5FA mult_7=AQ1 adder_3=0MH adder_5=0AV adder_7=0EM
sc_cfg952,-2215.0236,-2206.5111,6.441823,6.439848,0.0307,18.58,48.812,2627,mult_0=5FA mult_6=DAE adder_1=0EM adder_3=02E adder_4=0M0
sc_cfg959,-3031.2406,-3066.2194,5.688290,5.719488,0.5485,17.97,58.679,3265,mult_0=F6B mult_3=5FA mult_7=F6B mult_8=F6B adder_1=0M0 adder_4=0GK adder_7=0EM
sc_cfg963,2.5065,2.4994,0.006234,0.006222,0.1898,19.56,17.625,901,mult_7=AQ1 adder_1=0EM
sc_cfg965,-106.8304,-107.0149,8.370929,8.380528,0.1147,19.43,7.646,393,adder_5=02E
sc_cfg967,1.0047,0.9933,0.004056,0.004052,0.0931,19.39,12.871,664,adder_2=0EM
sc_cfg968,-2143.2119,-2146.7474,3.836780,3.838984,0.0574,18.93,26.925,1422,mult_1=GPF adder_3=0M0 adder_6=0DL
sc_cfg970,-2305.7114,-2287.8276,9.414470,9.378223,0.3850,18.58,46.007,2476,mult_2=5FA mult_7=8VH adder_1=0M0 adder_5=0EM adder_6=02E
sc_cfg973,-1730.6570,-1729.7271,2.900471,2.899377,0.0377,18.94,24.813,1310,mult_0=CK3 mult_3=DAE mult_8=HGY
sc_cfg984,-2359.5305,-2353.6077,7.907364,7.904686,0.0339,18.69,25.010,1338,mult_0=HGP adder_0=0DL adder_1=0EM adder_3=0MH
sc_cfg992,-1764.5238,-2232.0136,5.352937,5.754098,7.4942,18.09,46.884,2592,mult_1=8VH mult_7=DAE mult_8=HGP adder_0=02E adder_3=0GK adder_4=0GK adder_6=0AV
sc_cfg993,521.9773,521.9296,4.398675,4.393047,0.1279,19.46,12.066,620,mult_6=F6B
sc_cfg995,-2769.3535,-2683.5014,9.433052,9.292826,1.4865,17.73,66.919,3775,mult_1=CK3 mult_6=5FA mult_7=8VH mult_8=GPF adder_0=0EM adder_3=0AV adder_5=0EM adder_7=02E
sc_cfg998,-4008.1330,-4008.1857,6.872199,6.871453,0.0108,17.07,88.220,5167,mult_1=HGY mult_2=DAE mult_3=5FA mult_4=AQ1 mult_5=DAE mult_7=F6B mult_8=F6B adder_0=0M0 adder_1=0DL adder_3=0EM adder_6=0EM
sc_cfg1000,0.0000,0.0000,0.000000,0.000000,0.0000,19.67,3.829,195,
sc_cfg1001,-3447.0691,-3514.1853,6.732811,6.812067,1.1772,17.04,98.905,5805,mult_0=DAE mult_2=DAE mult_3=DAE mult_5=F6B mult_6=5FA mult_7=HGP adder_0=0AV adder_1=0Q7 adder_3=0EM adder_4=0DL adder_6=073 adder_7=0AV
sc_cfg1007,-184.7878,-181.0546,2.064236,2.066588,0.1140,19.35,7.809,404,adder_0=0GK
sc_cfg1009,-3099.1999,-3033.4847,6.107515,6.029735,1.2735,17.51,75.053,4288,mult_0=HGP mult_2=5FA mult_3=F6B mult_4=AQ1 mult_8=F6B adder_2=0EM adder_4=0DL adder_6=0AV adder_7=0AV
sc_cfg1020,-1061.5451,-1060.7354,8.569086,8.575388,0.0735,23.33,47.187,2023,mult_0=GPF mult_6=5FA mult_7=DAE adder_0=073 adder_5=02E
sc_cfg1023,-57.8944,-56.2217,0.468641,0.469051,0.0875,19.45,10.910,561,adder_7=0DL
sc_cfg1026,-3532.6658,-3528.9093,6.157495,6.151321,0.1003,17.82,79.014,4435,mult_1=CK3 mult_3=5FA mult_5=5FA mult_6=AQ1 mult_7=F6B mult_8=DAE adder_4=0Q7 adder_6=0AV
sc_cfg1032,-1786.0356,-1785.5789,2.956346,2.955856,0.0166,19.16,20.659,1078,mult_0=GPF mult_8=8VH
sc_cfg1035,-5292.1202,-5309.6512,9.609231,9.637301,0.2921,18.47,37.490,2030,mult_2=HGP mult_3=F6B mult_6=DAE adder_4=073 adder_5=0DL
sc_cfg1037,-4261.9775,-4393.7769,7.006090,7.197196,2.7277,15.51,121.407,7827,mult_0=HGP mult_1=8VH mult_2=5FA mult_3=AQ1 mult_4=AQ1 mult_5=5FA mult_6=5FA mult_8=HGY adder_0=02E adder_1=0M0 adder_2=0EM adder_3=0EM adder_4=0EM adder_5=0DL adder_6=073 adder_7=0GK
sc_cfg1038,17.1875,17.2116,0.051437,0.051501,0.1235,19.35,8.884,459,adder_2=073
sc_cfg1039,-4816.0057,-4811.1601,9.544941,9.541988,0.0309,18.21,47.312,2598,mult_1=DAE mult_2=HGP mult_6=F6B mult_7=F6B adder_0=0EM adder_5=0EM
sc_cfg1043,537.0287,525.0929,4.433934,4.420621,0.3003,17.70,67.715,3826,mult_0=DAE mult_2=F6B mult_5=AQ1 adder_1=0DL adder_2=0Q7 adder_3=0M0 adder_4=0Q7 adder_7=0AV
sc_cfg1058,-4113.4996,-4109.9240,7.274000,7.273993,0.0001,18.78,34.126,1817,mult_2=GPF mult_4=DAE adder_1=073 adder_3=0EM
sc_cfg1063,-5688.3016,-5909.8882,9.648284,9.956844,3.1981,18.79,55.177,2936,mult_0=8VH mult_5=F6B mult_7=GPF adder_2=0GK adder_3=0GK adder_4=0EM adder_5=0DL adder_6=073
sc_cfg1071,1457.5967,1437.2183,8.898712,8.901520,0.0316,19.19,16.902,881,mult_2=DAE adder_4=02E
sc_cfg1074,-2666.5161,-2661.1807,5.053045,5.044569,0.1677,17.53,83.910,4786,mult_0=GPF mult_2=5FA mult_4=5FA mult_8=CK3 adder_0=02E adder_2=0GK adder_4=073 adder_6=0M0 adder_7=0GK
sc_cfg1079,-4079.4085,-4075.9560,7.221246,7.221181,0.0009,21.09,18.266,866,mult_2=CK3 adder_4=0AV
sc_cfg1080,0.7474,0.7424,0.002535,0.002529,0.2490,19.46,12.100,622,mult_3=AQ1
sc_cfg1081,-2328.1852,-2454.3573,4.565836,4.730303,3.6021,19.22,12.010,625,mult_1=HGY adder_4=0GK
sc_cfg1082,-892.8981,-891.2669,1.580694,1.578731,0.1242,19.13,18.778,981,mult_0=F6B adder_5=0Q7
sc_cfg1084,-2151.7513,-292.8523,9.119199,8.378545,8.1219,18.15,40.919,2255,adder_0=0Q7 adder_1=0EM adder_3=0EM adder_4=0GK adder_5=0GK adder_6=02E adder_7=073
sc_cfg1086,-2169.5490,-2161.2862,3.841215,3.830512,0.2786,19.46,12.665,651,mult_7=GPF
sc_cfg1093,-1501.0069,-1496.2560,6.167439,6.170827,0.0549,17.10,87.830,5137,mult_0=HGY mult_2=5FA mult_3=F6B mult_6=F6B mult_7=5FA adder_0=0M0 adder_2=0DL adder_4=0Q7 adder_5=0AV adder_6=0M0 adder_7=073
sc_cfg1099,-2855.4423,-2853.9744,5.924320,5.916191,0.1372,18.48,41.259,2233,mult_0=GPF mult_2=DAE mult_5=F6B adder_0=02E adder_1=0Q7
sc_cfg1108,-0.9970,-0.9997,0.004454,0.004465,0.2641,19.31,9.937,515,adder_0=0EM
sc_cfg1115,-4003.6999,-4000.2456,7.121901,7.122145,0.0034,18.98,21.601,1138,mult_2=HGP adder_1=0M0 adder_5=0AV
sc_cfg1118,-3056.4831,-3061.5675,5.123651,5.129726,0.1186,19.18,16.256,848,mult_1=HGY mult_8=GPF
sc_cfg1119,-2086.9563,-2078.0489,3.749381,3.738546,0.2890,18.95,21.578,1139,mult_5=DAE mult_7=HGY adder_1=073
sc_cfg1120,1.4250,2.1473,0.015521,0.015888,2.3657,18.89,23.561,1247,mult_3=AQ1 adder_2=0Q7 adder_4=0EM
sc_cfg1126,-1921.5477,-2058.8291,9.304251,9.381337,0.8285,18.64,34.387,1845,mult_1=GPF adder_0=0M0 adder_4=0GK adder_5=02E adder_6=0M0
sc_cfg1130,-1905.5650,-1913.7235,9.421050,9.411665,0.0996,18.49,40.512,2191,mult_1=AQ1 mult_7=GPF mult_8=AQ1 adder_4=02E adder_7=0GK
sc_cfg1135,-4077.0832,-4080.8634,7.218386,7.225692,0.1012,19.44,9.975,513,mult_6=8VH
sc_cfg1136,-2812.9455,-2790.6980,8.246860,8.235274,0.1405,17.65,57.815,3276,mult_0=DAE mult_2=HGY mult_5=DAE adder_0=0MH adder_1=0M0 adder_2=073 adder_4=0Q7 adder_6=0DL adder_7=0M0
sc_cfg1140,-293.4255,-298.9748,2.138429,2.145073,0.3107,19.49,8.688,446,adder_3=0GK
sc_cfg1141,-892.6481,-893.7607,1.580447,1.581703,0.0795,19.61,12.444,635,mult_8=HGP
sc_cfg1147,-314.8856,-311.2113,2.237331,2.241168,0.1715,18.96,37.439,1975,mult_5=5FA adder_0=0DL adder_4=0AV adder_6=0GK
sc_cfg1150,-4059.8957,-4063.6518,7.195746,7.203030,0.1012,19.20,16.051,836,mult_6=HGP adder_2=073
sc_cfg1151,-2426.2931,-2439.8846,4.717463,4.732327,0.3151,18.41,43.627,2370,mult_2=5FA mult_7=HGP adder_1=0GK adder_4=0AV adder_5=073
sc_cfg1152,1.9997,2.0007,0.004596,0.004600,0.0888,19.32,10.218,529,adder_1=0EM
sc_cfg1153,-726.4472,-706.9279,8.637483,8.568532,0.7983,18.48,36.297,1964,mult_0=HGP mult_7=F6B mult_8=8VH adder_1=0GK adder_7=02E
sc_cfg1163,-1759.5290,-1759.3189,2.919139,2.918999,0.0048,18.66,29.926,1603,mult_0=HGP mult_8=F6B adder_3=073 adder_6=0AV
sc_cfg1170,-4077.0832,-4080.8634,7.218386,7.225692,0.1012,19.41,14.319,738,mult_6=8VH
sc_cfg1179,-5214.5931,-5227.2470,9.041832,9.062464,0.2282,18.47,39.889,2159,mult_1=F6B mult_6=8VH adder_3=0EM adder_6=0AV adder_7=0EM
sc_cfg1184,1347.8299,1373.4216,8.374470,8.358038,0.1962,16.84,83.147,4936,mult_0=F6B mult_4=DAE mult_7=AQ1 mult_8=5FA adder_0=0GK adder_1=0Q7 adder_2=0Q7 adder_3=073 adder_4=0Q7 adder_5=0M0 adder_7=02E
sc_cfg1188,1478.9054,1488.4284,6.456638,6.465797,0.1418,18.38,44.063,2398,mult_3=AQ1 mult_7=AQ1 mult_8=5FA adder_0=0MH adder_1=0EM
sc_cfg1192,-1253.1584,-1254.1479,4.120043,4.121155,0.0270,19.40,12.225,630,mult_3=F6B
sc_cfg1195,-5185.4247,-5191.0020,9.022914,9.025456,0.0282,17.98,62.701,3487,mult_0=HGY mult_1=GPF mult_5=F6B mult_8=GPF adder_1=0Q7 adder_2=0EM adder_5=0M0
sc_cfg1198,0.9957,0.9996,0.005628,0.005636,0.1353,19.15,16.323,852,adder_3=0EM adder_4=0EM
sc_cfg1199,-995.6748,-988.3486,3.648722,3.639487,0.2531,18.51,54.263,2932,mult_0=AQ1 mult_1=5FA mult_4=F6B mult_5=5FA adder_3=0Q7
sc_cfg1200,0.0000,0.0000,0.000000,0.000000,0.0000,19.37,10.686,552,adder_2=0AV
sc_cfg1202,128.2934,127.4062,6.058188,6.062080,0.0642,17.29,101.982,5898,mult_0=GPF mult_2=5FA mult_4=5FA mult_6=AQ1 mult_7=DAE mult_8=F6B adder_0=0MH adder_2=0M0 adder_3=073 adder_5=0AV adder_6=073
sc_cfg1207,-818.6712,-817.5107,1.488860,1.487806,0.0708,18.22,62.614,3437,mult_0=8VH mult_5=5FA mult_6=AQ1 mult_8=5FA adder_0=0M0 adder_6=0EM
sc_cfg1212,960.2630,949.9513,8.301325,8.281108,0.2435,18.39,40.367,2195,mult_7=F6B adder_0=073 adder_1=073 adder_4=0Q7 adder_7=02E
sc_cfg1213,-889.3951,-887.8266,1.576041,1.574172,0.1186,19.20,21.203,1104,mult_0=CK3 adder_1=0Q7
sc_cfg1217,-1635.1646,-1586.0684,9.431819,9.412232,0.2077,19.18,14.553,759,mult_7=8VH adder_2=02E
sc_cfg1218,-209.8826,-210.4599,0.414782,0.415623,0.2028,18.63,35.425,1902,mult_0=DAE adder_1=0Q7 adder_2=0Q7 adder_4=0Q7
sc_cfg1221,-891.8994,-893.0138,1.579453,1.580714,0.0798,19.21,18.413,959,mult_5=AQ1 mult_8=8VH
sc_cfg1226,538.1678,538.1415,4.403390,4.397860,0.1256,18.58,29.917,1610,mult_6=F6B adder_0=0EM adder_1=0AV adder_2=073
sc_cfg1227,-2575.3434,-2583.2823,5.126267,5.135051,0.1714,17.81,52.963,2974,mult_0=HGP mult_7=F6B adder_0=0AV adder_1=0GK adder_2=0DL adder_3=0Q7 adder_4=0DL
sc_cfg1230,20.0409,20.0290,0.066051,0.066059,0.0121,19.24,22.989,1195,mult_8=5FA adder_6=073
sc_cfg1235,-3940.7213,-3943.6064,8.500948,8.497763,0.0375,18.66,38.213,2048,mult_2=5FA mult_3=F6B adder_3=02E adder_5=073
sc_cfg1236,-2851.6547,-3342.7650,5.167672,5.923649,14.6290,19.68,31.586,1605,mult_0=CK3 mult_1=HGY adder_2=0Q7 adder_3=0EM adder_4=0GK
sc_cfg1237,-878.9121,902.6776,9.735551,9.538830,2.0207,17.79,75.729,4258,mult_1=AQ1 mult_3=F6B mult_6=F6B mult_7=DAE mult_8=5FA adder_3=0Q7 adder_4=0AV adder_6=0GK adder_7=02E
sc_cfg1239,-0.0114,0.0483,0.015467,0.015491,0.1542,19.19,17.580,916,adder_4=0EM adder_5=0Q7
sc_cfg1240,-4529.7045,-4526.0236,7.457040,7.450742,0.0845,18.53,43.888,2368,mult_1=HGP mult_7=HGP adder_3=0DL adder_4=0AV adder_7=0Q7
sc_cfg1243,-875.4605,-876.5491,1.558440,1.559564,0.0721,19.15,16.895,882,mult_8=HGP adder_2=073
sc_cfg1250,-1404.1116,-1365.3926,9.326315,9.324853,0.0157,19.13,19.473,1018,adder_0=0M0 adder_1=02E
sc_cfg1258,-2465.4365,-2462.4928,5.726932,5.716316,0.1854,18.19,45.146,2482,mult_4=DAE mult_5=F6B mult_7=F6B adder_1=0DL adder_2=0Q7 adder_3=0M0
sc_cfg1260,0.4987,0.5014,0.001082,0.001085,0.2613,19.65,11.333,577,mult_4=AQ1
sc_cfg1264,-1166.8251,-1158.2194,3.790459,3.780957,0.2507,18.74,38.401,2049,mult_4=F6B mult_5=DAE mult_8=DAE adder_0=0AV
sc_cfg1267,-2056.3507,-2045.5767,3.714156,3.700475,0.3683,18.20,46.136,2536,mult_5=DAE mult_7=CK3 adder_1=0M0 adder_2=0AV adder_6=0M0 adder_7=0Q7
sc_cfg1270,4.7284,4.7801,0.038229,0.038197,0.0836,19.14,25.300,1322,mult_0=5FA mult_8=AQ1
sc_cfg1275,-849.9532,-848.6165,1.525041,1.523457,0.1039,18.48,43.269,2342,mult_0=F6B mult_6=5FA adder_0=0Q7 adder_4=0AV adder_5=073
sc_cfg1281,-0.9969,-1.0064,0.004457,0.004463,0.1285,19.62,11.071,564,adder_6=0EM
sc_cfg1282,-2163.5933,-2155.2963,3.833557,3.822779,0.2811,19.10,12.233,640,mult_7=HGY adder_0=073
sc_cfg1285,-2323.3608,-4319.9141,9.481310,11.298452,19.1655,17.00,111.217,6542,mult_1=5FA mult_2=AQ1 mult_4=DAE mult_5=5FA mult_6=GPF mult_8=5FA adder_0=0DL adder_1=0DL adder_2=0AV adder_5=02E adder_7=0Q7
sc_cfg1290,-194.4524,-193.6205,0.396513,0.395628,0.2232,18.49,49.647,2685,mult_3=AQ1 mult_6=5FA mult_7=AQ1 mult_8=DAE adder_2=0EM
sc_cfg1292,-861.5273,-862.8998,1.544815,1.546413,0.1035,19.20,16.372,853,mult_8=CK3 adder_6=0M0
sc_cfg1293,-866.8177,-865.8328,1.556084,1.554641,0.0927,18.45,36.833,1996,mult_0=GPF adder_0=0Q7 adder_4=0EM adder_6=0M0 adder_7=0M0
sc_cfg1294,-291.9918,-286.5505,2.175006,2.177428,0.1114,19.49,12.395,636,adder_4=0GK
sc_cfg1296,-2384.5516,-2387.6561,4.136985,4.139717,0.0660,19.20,25.844,1346,mult_1=GPF mult_8=DAE
sc_cfg1299,-3413.5562,-3610.3848,6.716911,6.952482,3.5071,17.44,63.716,3652,mult_3=F6B mult_5=DAE mult_8=GPF adder_0=0GK adder_1=0GK adder_3=0AV adder_4=0GK adder_6=0M0 adder_7=0M0
sc_cfg1302,-5676.2928,-5681.2267,9.548997,9.554492,0.0575,17.21,68.944,4007,mult_0=HGP mult_1=AQ1 mult_6=HGY mult_7=5FA adder_0=0Q7 adder_3=02E adder_4=0EM adder_5=0EM adder_6=073 adder_7=0Q7
sc_cfg1303,2063.5642,2058.6564,8.464928,8.458713,0.0734,19.20,13.892,723,adder_2=0Q7 adder_7=02E
sc_cfg1305,-4111.5406,-4093.1645,7.278869,7.256823,0.3029,18.48,36.041,1950,mult_3=AQ1 mult_6=8VH adder_1=0AV adder_4=0EM adder_5=0DL
sc_cfg1312,-1707.2534,-1665.7910,9.680264,9.677241,0.0312,19.25,17.350,901,adder_1=02E adder_6=0GK
sc_cfg1320,2100.3178,2092.3216,8.483707,8.478262,0.0642,18.72,40.330,2154,mult_0=5FA adder_3=073 adder_5=0Q7 adder_7=02E
sc_cfg1323,-3644.5981,-3644.9607,7.368604,7.362454,0.0835,18.93,22.735,1201,mult_0=8VH adder_3=02E adder_7=0Q7
sc_cfg1327,-4063.2920,-4059.3026,7.199965,7.199275,0.0096,19.25,17.216,894,mult_2=CK3 adder_4=073
sc_cfg1328,-903.9079,-910.3215,1.660922,1.669685,0.5276,19.23,15.966,830,mult_0=CK3 adder_4=0DL
sc_cfg1330,-2169.5490,-2161.2862,3.841215,3.830512,0.2786,19.27,22.505,1168,mult_2=AQ1 mult_7=CK3
sc_cfg1335,-1156.4909,-1155.5666,2.916246,2.917061,0.0279,18.79,32.124,1710,mult_0=GPF adder_0=0Q7 adder_2=0GK adder_6=0AV
sc_cfg1339,56.1732,62.7872,8.993881,8.999920,0.0671,19.18,12.276,640,adder_0=02E adder_5=02E
sc_cfg1340,0.0000,0.0000,0.000000,0.000000,0.0000,19.74,3.142,159,
sc_cfg1343,-2147.6509,-2151.5967,3.811814,3.815349,0.0927,18.76,33.423,1781,mult_1=GPF mult_4=AQ1 adder_2=073 adder_7=0EM
sc_cfg1345,-2995.5654,-2981.3422,6.126508,6.106840,0.3210,18.27,53.688,2939,mult_0=HGP mult_4=F6B mult_7=F6B adder_1=0AV adder_2=073 adder_3=0Q7 adder_6=0AV
sc_cfg1349,0.9655,1.0640,0.032874,0.032860,0.0435,19.51,21.069,1080,mult_7=5FA
sc_cfg1356,-3777.2717,-3749.6427,6.323675,6.286535,0.5873,18.47,31.339,1696,mult_0=GPF mult_7=HGY adder_0=02E adder_4=0M0 adder_5=0DL
sc_cfg1357,0.0000,0.0000,0.000000,0.000000,0.0000,19.57,9.723,497,adder_1=0AV
sc_cfg1358,0.0000,0.0000,0.000000,0.000000,0.0000,19.78,13.788,697,adder_1=0AV
sc_cfg1359,-1435.7298,-1395.2245,9.348705,9.345865,0.0304,18.47,36.806,1993,mult_4=AQ1 adder_0=0DL adder_1=02E adder_2=0AV adder_5=0EM
sc_cfg1360,-830.7418,-831.4220,1.542020,1.542632,0.0397,18.46,41.574,2252,mult_3=DAE mult_8=HGY adder_1=0AV adder_2=0AV adder_7=0Q7
sc_cfg1361,-2137.0493,-2144.0616,3.798559,3.807996,0.2484,19.24,21.614,1123,mult_7=GPF adder_5=073
sc_cfg1364,-4094.9608,-4098.9134,7.266380,7.269139,0.0380,17.16,86.992,5070,mult_1=DAE mult_3=5FA mult_5=AQ1 mult_6=HGP mult_8=AQ1 adder_0=0Q7 adder_1=073 adder_2=0Q7 adder_3=073 adder_4=0EM adder_5=0DL adder_6=073
sc_cfg1365,15.0226,15.3144,0.129205,0.129400,0.1506,19.46,8.595,442,adder_5=0M0
sc_cfg1368,-3335.3807,-3324.9001,5.653524,5.638006,0.2745,18.22,46.726,2564,mult_1=HGP mult_6=5FA adder_2=0DL adder_3=0AV adder_4=073 adder_7=0GK
sc_cfg1370,-0.1306,-0.1177,0.014963,0.014957,0.0434,19.45,9.024,464,adder_7=0Q7
sc_cfg1373,15.0226,15.3144,0.129205,0.129400,0.1506,19.49,8.607,442,adder_5=0M0
sc_cfg1375,14.7386,15.0658,0.466089,0.466463,0.0803,18.92,41.252,2181,mult_2=5FA adder_2=0Q7 adder_4=0EM adder_5=0AV adder_6=0DL
sc_cfg1396,-2386.2731,-2377.1441,4.140000,4.127927,0.2916,18.80,32.510,1729,mult_6=AQ1 mult_7=HGP mult_8=DAE adder_1=0Q7
sc_cfg1398,-5261.5095,-5258.8210,9.121762,9.124647,0.0316,18.59,43.057,2316,mult_2=CK3 mult_5=AQ1 mult_8=GPF adder_0=0Q7 adder_6=0GK
sc_cfg1399,-892.1024,-893.1766,1.579797,1.580999,0.0761,19.24,18.641,969,mult_8=HGP adder_4=0Q7
sc_cfg1405,-1629.3728,-1621.4992,5.355337,5.342575,0.2383,18.68,39.378,2108,mult_6=F6B mult_7=GPF adder_2=073 adder_3=0Q7 adder_6=0Q7
sc_cfg1406,-66.8427,-65.7012,0.650999,0.649690,0.2011,18.18,47.002,2585,mult_0=AQ1 mult_8=5FA adder_0=0EM adder_1=0DL adder_4=0DL adder_7=0Q7
sc_cfg1407,-4622.4654,-4620.7691,8.514244,8.520735,0.0762,18.76,25.086,1337,mult_2=8VH adder_0=0M0 adder_2=0GK adder_6=0GK
sc_cfg1409,-278.0918,-277.1432,0.679676,0.679000,0.0995,19.76,20.430,1034,mult_0=DAE adder_7=0DL
sc_cfg1410,-893.3876,-891.8181,1.581266,1.579391,0.1186,19.49,11.557,593,mult_0=8VH
sc_cfg1411,-4078.9094,-4075.4574,7.220585,7.220521,0.0009,19.52,15.095,774,mult_2=CK3
sc_cfg1413,-3392.4053,-3399.2784,5.705832,5.715157,0.1634,18.13,47.282,2608,mult_1=CK3 mult_8=8VH adder_0=0MH adder_1=0AV adder_4=073 adder_5=073 adder_6=0AV
sc_cfg1416,-876.8026,-875.2291,1.560012,1.558114,0.1217,19.45,14.711,756,mult_0=HGY adder_6=073
sc_cfg1421,-876.2000,-874.6065,1.559209,1.557270,0.1243,19.25,17.013,884,mult_0=F6B adder_2=073
sc_cfg1423,-975.6048,-950.8490,6.852840,6.855018,0.0318,18.54,39.924,2153,mult_6=5FA mult_7=HGP adder_0=0MH adder_2=0EM adder_5=0GK
sc_cfg1424,-1944.5327,-1946.3919,4.071146,4.076864,0.1405,18.79,35.979,1915,mult_1=8VH mult_5=5FA adder_4=0M0 adder_6=0GK
sc_cfg1425,17.5299,17.7734,0.130361,0.130279,0.0633,19.26,21.318,1107,adder_5=0M0 adder_6=0Q7
sc_cfg1427,226.6533,-562.1260,8.576229,8.984186,4.7568,18.59,41.500,2233,mult_1=F6B mult_3=DAE mult_5=AQ1 mult_8=8VH adder_4=02E
sc_cfg1429,-236.4790,-226.9737,7.022236,7.044846,0.3220,18.41,31.063,1688,mult_0=HGY mult_3=F6B adder_0=0MH adder_1=073 adder_7=0DL
sc_cfg1434,-4899.1006,-4894.4181,8.370697,8.367518,0.0380,18.93,27.852,1471,mult_0=F6B mult_2=GPF adder_0=0M0
sc_cfg1440,-1727.1671,-1733.0833,9.786660,9.800446,0.1409,18.81,28.786,1530,mult_4=F6B mult_7=HGP adder_4=02E adder_5=0Q7
sc_cfg1443,-2163.8351,-2167.8068,3.832995,3.836563,0.0931,19.45,8.768,451,mult_1=HGY
sc_cfg1445,-3667.5718,-3716.0406,9.296505,9.337272,0.4385,18.15,51.510,2838,mult_0=F6B mult_4=DAE mult_7=AQ1 mult_8=HGP adder_3=0MH adder_4=0GK adder_7=073
sc_cfg1446,-5141.1546,-5126.3661,9.284589,9.265155,0.2093,17.79,56.458,3173,mult_1=DAE mult_4=F6B mult_6=HGY adder_0=0M0 adder_1=0EM adder_5=073 adder_6=0M0 adder_7=0M0
sc_cfg1451,163.0036,169.8022,3.295501,3.294025,0.0448,19.42,12.987,669,adder_0=02E
sc_cfg1454,95.2874,90.0074,0.201934,0.198357,1.7710,18.46,39.473,2139,adder_2=0AV adder_3=073 adder_4=0M0 adder_5=073 adder_7=073
sc_cfg1455,-4299.2916,-4296.3789,7.519760,7.519589,0.0023,19.26,17.135,890,mult_0=DAE mult_2=HGY
sc_cfg1458,1434.7028,1420.8460,8.883931,8.892489,0.0963,19.46,12.223,628,adder_4=02E
sc_cfg1464,-1173.6866,-1173.7711,2.274887,2.273947,0.0413,19.56,9.515,486,adder_7=0GK
sc_cfg1465,-9.8981,-5.0542,2.019617,2.019685,0.0034,18.34,57.382,3129,mult_4=5FA mult_8=DAE adder_0=0M0 adder_4=0GK adder_5=0EM adder_6=0EM
sc_cfg1467,-4088.9541,-4092.9911,7.248587,7.256456,0.1086,19.25,17.675,918,mult_6=GPF adder_1=0DL
sc_cfg1468,-692.0402,-686.2103,3.545093,3.538134,0.1963,18.50,41.497,2243,mult_3=5FA mult_8=F6B adder_0=02E adder_5=0EM adder_7=073
sc_cfg1469,-2195.7317,-2187.7457,9.443396,9.415858,0.2916,18.60,46.348,2492,mult_4=5FA mult_7=F6B mult_8=8VH adder_1=0Q7 adder_6=02E
sc_cfg1479,15.2459,15.1712,0.071284,0.071211,0.1025,19.21,36.849,1918,mult_5=5FA adder_4=073
sc_cfg1481,-2782.4857,-2788.4113,8.469071,8.473691,0.0546,19.26,29.958,1555,mult_1=F6B adder_3=0MH
sc_cfg1483,-1398.6550,-1359.2864,9.326432,9.324627,0.0194,19.27,21.379,1110,mult_6=DAE adder_1=02E
sc_cfg1486,3.4636,3.4399,0.037619,0.037663,0.1172,19.48,18.388,944,mult_8=5FA
sc_cfg1489,-2475.0525,-2457.7907,9.527005,9.492456,0.3626,18.79,34.613,1842,mult_1=DAE mult_7=GPF adder_2=0DL adder_6=02E
sc_cfg1491,-1489.7815,-1451.3454,9.409525,9.407591,0.0206,19.00,19.593,1031,adder_1=02E adder_2=0M0 adder_4=0GK
sc_cfg1493,-1263.5770,-1259.6367,2.942233,2.938606,0.1233,19.31,27.601,1429,mult_1=DAE mult_7=F6B
sc_cfg1494,-876.8026,-875.2291,1.560012,1.558114,0.1217,19.18,21.247,1108,mult_0=HGP adder_6=073
sc_cfg1506,16.4431,16.4495,0.129774,0.129912,0.1066,19.49,9.405,483,adder_2=0M0
sc_cfg1508,-106.8304,-107.0149,8.370929,8.380528,0.1147,19.56,7.839,401,adder_5=02E
sc_cfg1514,-2038.6028,-2031.3434,3.902711,3.893882,0.2262,19.26,22.093,1147,mult_0=F6B mult_7=F6B
sc_cfg1516,-1589.8003,-1586.4321,3.562579,3.556823,0.1616,18.00,49.300,2738,mult_6=AQ1 mult_8=HGP adder_1=0EM adder_2=0GK adder_5=073 adder_6=0Q7 adder_7=0GK
sc_cfg1519,-316.9050,-325.7573,4.435351,4.417710,0.3977,18.28,45.130,2469,mult_0=F6B mult_2=F6B adder_0=0AV adder_2=0M0 adder_6=0M0 adder_7=0M0
sc_cfg1520,-2751.0814,-2753.0249,6.344966,6.339264,0.0899,19.39,21.235,1095,mult_2=AQ1 adder_3=02E
sc_cfg1523,17.1875,17.2116,0.051437,0.051501,0.1235,19.54,14.087,721,adder_2=073
sc_cfg1526,-3118.7493,-3108.8116,5.230883,5.218489,0.2369,18.32,46.575,2542,mult_0=F6B mult_1=5FA mult_7=HGY adder_1=0Q7 adder_6=0EM adder_7=0DL
sc_cfg1527,-869.6173,-870.7336,1.551111,1.552356,0.0803,18.85,43.151,2290,mult_2=5FA mult_5=5FA mult_8=HGP adder_1=0Q7
sc_cfg1530,-4060.8298,-4064.4910,7.200733,7.207536,0.0945,19.41,23.411,1206,mult_2=DAE mult_6=CK3
sc_cfg1533,-5860.6176,-5863.9464,9.744221,9.750747,0.0670,18.64,46.706,2506,mult_0=8VH mult_6=GPF mult_8=GPF adder_2=0EM adder_3=0EM
sc_cfg1539,-955.1834,-955.2767,1.687754,1.687646,0.0064,18.90,30.179,1597,mult_0=8VH mult_1=DAE adder_1=0M0 adder_3=073
sc_cfg1540,-5211.2874,-5213.3802,9.095759,9.101531,0.0635,18.01,52.325,2905,mult_0=HGP mult_2=HGP mult_3=DAE adder_2=0GK adder_3=0DL adder_4=0Q7 adder_5=0DL
sc_cfg1543,-119.5522,-119.2971,0.306950,0.306978,0.0089,19.60,15.486,790,mult_7=DAE
sc_cfg1553,-476.3818,-479.3104,2.307909,2.311718,0.1651,18.68,36.967,1979,mult_5=DAE mult_8=DAE adder_0=0DL adder_3=0GK adder_4=0Q7
sc_cfg1558,-2166.9061,-2184.1191,3.864643,3.886661,0.5697,18.17,58.522,3221,mult_1=HGY mult_3=AQ1 adder_0=0Q7 adder_1=0M0 adder_3=073 adder_4=0DL adder_5=0Q7 adder_7=0AV
sc_cfg1559,-4017.1871,-4013.0264,7.147586,7.147186,0.0056,18.53,42.880,2314,mult_1=5FA mult_2=HGY mult_3=DAE adder_0=0EM adder_3=0Q7
sc_cfg1563,-1678.3779,-1692.0409,3.564957,3.585858,0.5863,16.73,83.394,4986,mult_0=8VH mult_3=AQ1 mult_5=DAE mult_6=DAE mult_7=AQ1 mult_8=HGP adder_0=0Q7 adder_1=0Q7 adder_2=0GK adder_3=073 adder_4=0DL adder_5=0EM
sc_cfg1564,-3699.1820,-3624.4412,7.318744,7.225289,1.2769,18.53,54.151,2923,mult_1=5FA mult_4=5FA mult_5=F6B mult_7=HGY adder_0=0GK adder_6=0DL
sc_cfg1565,2063.8241,2056.7485,8.466469,8.457611,0.1046,19.97,9.206,461,adder_7=02E
sc_cfg1566,-4842.4571,-4878.1111,8.314134,8.366963,0.6354,17.72,65.819,3714,mult_0=HGP mult_2=GPF mult_3=DAE mult_7=AQ1 adder_1=0Q7 adder_2=0M0 adder_3=0M0 adder_6=0DL adder_7=0EM
sc_cfg1569,-293.9263,-299.4777,2.138622,2.145242,0.3095,19.25,14.715,764,adder_3=0GK adder_4=0EM
sc_cfg1577,23.0118,22.9882,0.043580,0.043540,0.0906,19.36,23.663,1222,mult_6=5FA adder_6=0EM
sc_cfg1581,-3494.5988,-3562.4004,6.137524,6.224007,1.4091,17.63,69.547,3945,mult_1=CK3 mult_5=AQ1 mult_7=DAE mult_8=GPF adder_0=073 adder_3=073 adder_4=0GK adder_6=0EM adder_7=0DL
sc_cfg1583,-2250.8905,-2268.6197,4.225543,4.248636,0.5465,18.57,39.797,2143,mult_0=HGY mult_4=DAE mult_7=DAE mult_8=GPF adder_5=0GK
sc_cfg1589,-2318.3458,-2322.9234,4.569013,4.571828,0.0616,18.32,42.368,2313,mult_1=AQ1 mult_7=HGY adder_3=0M0 adder_5=0GK adder_6=0AV adder_7=0AV
sc_cfg1594,-3230.8792,-3227.4998,9.796745,9.797600,0.0087,18.43,41.844,2270,mult_1=CK3 mult_4=F6B mult_8=8VH adder_0=0M0 adder_2=02E adder_4=0Q7
sc_cfg1596,-332.0603,-334.6694,2.243577,2.241465,0.0941,18.04,58.539,3246,mult_0=5FA mult_7=AQ1 adder_0=0AV adder_1=0Q7 adder_3=0DL adder_4=0GK adder_6=073
sc_cfg1597,-1971.0978,-1956.3211,9.305737,9.180466,1.3462,17.58,69.801,3971,mult_0=8VH mult_6=5FA mult_7=HGP adder_1=0GK adder_2=0Q7 adder_3=0GK adder_4=0GK adder_6=0AV adder_7=02E
sc_cfg1604,12.2710,17.0645,0.128235,0.130002,1.3783,19.09,25.472,1335,mult_0=AQ1 mult_7=AQ1 adder_5=0M0
sc_cfg1612,1462.2480,1461.0397,8.900199,8.912341,0.1364,18.65,54.793,2937,mult_1=5FA mult_6=5FA adder_0=073 adder_2=0EM adder_4=02E
sc_cfg1614,-2997.1008,-3001.5531,5.046125,5.051325,0.1030,18.60,43.299,2328,mult_1=CK3 mult_6=DAE mult_8=HGP adder_0=0M0 adder_3=073
sc_cfg1615,-3143.5279,-3147.5974,5.281523,5.286494,0.0941,18.04,77.908,4319,mult_0=DAE mult_1=GPF mult_3=DAE mult_5=DAE mult_6=DAE mult_7=AQ1 mult_8=GPF adder_3=0Q7
sc_cfg1620,3.4806,3.5335,0.037766,0.037732,0.0893,19.23,27.042,1406,mult_0=5FA adder_2=0AV
sc_cfg1622,-265.0155,-265.3806,2.212627,2.216451,0.1728,19.34,17.558,908,mult_4=AQ1 adder_2=0GK
sc_cfg1624,-2163.3212,-2167.1289,3.832622,3.836112,0.0911,19.32,12.167,630,mult_1=HGY adder_0=0M0
sc_cfg1625,-276.6012,-272.9532,2.176527,2.179979,0.1586,19.20,13.885,723,adder_2=073 adder_6=0GK
sc_cfg1628,-4077.0832,-4080.8634,7.218386,7.225692,0.1012,19.51,10.429,534,mult_6=8VH
sc_cfg1629,-969.0439,-970.4103,1.801538,1.802673,0.0630,18.46,31.003,1679,mult_8=HGY adder_2=0EM adder_3=0DL adder_5=0DL adder_7=0EM
sc_cfg1634,-2431.4936,-2427.9190,5.402513,5.391062,0.2120,19.26,18.632,967,mult_3=F6B adder_7=0GK
sc_cfg1636,16.2534,16.3723,0.227266,0.226977,0.1273,19.51,12.974,665,mult_2=DAE
sc_cfg1642,-5786.2833,-5786.0763,9.641141,9.642733,0.0165,17.70,68.493,3870,mult_0=GPF mult_6=8VH mult_7=5FA mult_8=8VH adder_0=0AV adder_1=073 adder_4=0M0 adder_5=0M0
sc_cfg1649,-2457.2605,-2466.7816,4.715154,4.728881,0.2911,19.27,13.226,686,mult_1=HGY adder_3=0GK
sc_cfg1654,-4386.2482,-4392.3237,7.640393,7.650793,0.1361,18.59,38.043,2046,mult_0=DAE mult_1=DAE mult_6=HGY adder_1=073 adder_2=0Q7
sc_cfg1658,-3978.2714,-3970.3367,6.504800,6.493931,0.1671,18.78,36.913,1966,mult_0=GPF mult_7=GPF mult_8=GPF adder_2=0DL
sc_cfg1661,-6.2283,-6.2870,0.049948,0.049947,0.0012,19.24,25.942,1349,mult_4=5FA adder_6=0AV
sc_cfg1663,-1369.5617,-1370.8123,3.128170,3.134327,0.1968,18.81,30.539,1624,mult_5=AQ1 mult_8=CK3 adder_2=0GK adder_7=0DL
sc_cfg1664,-4043.4310,-4047.1989,7.173904,7.181267,0.1026,18.75,33.328,1778,mult_6=HGP adder_1=073 adder_3=0EM adder_4=0Q7
sc_cfg1669,524.4891,524.7566,4.399829,4.394249,0.1268,18.41,53.253,2893,mult_1=5FA mult_3=5FA mult_6=F6B mult_7=AQ1 adder_0=0EM
sc_cfg1673,-1694.9401,-1534.3972,5.591160,5.471757,2.1356,18.25,44.630,2446,mult_0=HGP mult_2=F6B mult_6=5FA mult_8=HGY adder_6=0GK adder_7=0DL
sc_cfg1676,-353.6206,-379.5446,8.522061,8.505619,0.1929,18.76,37.276,1987,mult_0=DAE mult_4=5FA adder_6=02E adder_7=0AV
sc_cfg1684,15.0226,15.3144,0.129205,0.129400,0.1506,19.50,9.108,467,adder_5=0M0
sc_cfg1687,1535.6644,1544.7839,9.221521,9.127139,1.0235,18.49,32.694,1768,mult_8=CK3 adder_0=0MH adder_1=0M0 adder_4=02E adder_7=0DL
sc_cfg1699,-246.7449,-255.1029,0.667316,0.674228,1.0359,18.06,62.139,3440,mult_0=DAE mult_5=AQ1 mult_7=AQ1 adder_1=0M0 adder_3=0M0 adder_4=0EM adder_5=0DL adder_6=0EM
